{
    "Apple": {
        "precision": 0.6666666666666666,
        "recall": 0.6086956521739131,
        "f1-score": 0.6363636363636364,
        "support": 46.0
    },
    "Banana": {
        "precision": 0.425,
        "recall": 0.34,
        "f1-score": 0.37777777777777777,
        "support": 50.0
    },
    "avocado": {
        "precision": 0.5185185185185185,
        "recall": 0.5714285714285714,
        "f1-score": 0.5436893203883495,
        "support": 49.0
    },
    "cherry": {
        "precision": 0.6285714285714286,
        "recall": 0.5945945945945946,
        "f1-score": 0.6111111111111112,
        "support": 37.0
    },
    "kiwi": {
        "precision": 0.5490196078431373,
        "recall": 0.5957446808510638,
        "f1-score": 0.5714285714285714,
        "support": 47.0
    },
    "mango": {
        "precision": 0.5,
        "recall": 0.45,
        "f1-score": 0.47368421052631576,
        "support": 40.0
    },
    "orange": {
        "precision": 0.7540983606557377,
        "recall": 0.8679245283018868,
        "f1-score": 0.8070175438596491,
        "support": 53.0
    },
    "pinenapple": {
        "precision": 0.8181818181818182,
        "recall": 0.8333333333333334,
        "f1-score": 0.8256880733944955,
        "support": 54.0
    },
    "strawberries": {
        "precision": 0.7884615384615384,
        "recall": 0.9111111111111111,
        "f1-score": 0.845360824742268,
        "support": 45.0
    },
    "watermelon": {
        "precision": 0.6176470588235294,
        "recall": 0.5384615384615384,
        "f1-score": 0.5753424657534246,
        "support": 39.0
    },
    "accuracy": 0.6391304347826087,
    "macro avg": {
        "precision": 0.6266164997722375,
        "recall": 0.6311294010256012,
        "f1-score": 0.6267463535345599,
        "support": 460.0
    },
    "weighted avg": {
        "precision": 0.6306590746115293,
        "recall": 0.6391304347826087,
        "f1-score": 0.6327319441643514,
        "support": 460.0
    }
}